timestamp,user_rating,user_review,ai_response,ai_summary,ai_recommended_action
15/12/2025 02:34 PM,5,Phenomenal product. ,"Thank you so much for your wonderful review! We're thrilled to hear that you found our product phenomenal. Your satisfaction means a lot to us, and we appreciate you taking the time to share your experience. If you have any questions or need further assistance, please don't hesitate to reach out. Enjoy your purchase!",Amazing product!,"The most appropriate next action for the business would be to thank the customer for their positive feedback and consider reaching out to them for a potential testimonial or to ask if they would be willing to share their experience on social media. Additionally, the business could encourage the customer to leave a review on their website or other platforms, which could further enhance the product's credibility."
15/12/2025 02:31 PM,4,product was very good. Few issues but still good. ,"Thank you so much for taking the time to share your feedback with us! We’re delighted to hear that you found the product to be very good. We also appreciate your understanding regarding the few issues you encountered. Your insights are valuable to us, and we’re always looking for ways to improve. If there’s anything specific you’d like to share about the issues you faced, please don’t hesitate to reach out. We’re here to help!",The product was generally good despite a few minor issues.,"The most appropriate next action for the business would be to follow up with the customer to thank them for their positive feedback and address the ""few issues"" mentioned. This could involve:

1. **Sending a Thank You Email**: Express appreciation for their review and feedback.
2. **Requesting More Details**: Politely ask for specifics about the issues they encountered, to understand better how to improve the product or service.
3. **Offering Assistance**: Provide support or solutions regarding the issues they faced, which could enhance customer satisfaction and loyalty.
4. **Encouraging Future Feedback**: Invite them to share more feedback in the future, reinforcing that their opinions are valued for improving customer experience. 

This approach shows that the business cares about customer satisfaction and is proactive in resolving any concerns."
15/12/2025 02:30 PM,2,the delivery was bad. so many delays. ,"Dear Valued Customer,

Thank you for taking the time to share your feedback with us. We sincerely apologize for the inconvenience you experienced with the delivery delays. We understand how frustrating this can be and appreciate your patience.

Please know that we are committed to improving our service and will address this issue with our delivery team to prevent it from happening in the future. If there’s anything else we can do to assist you or if you have further concerns, please don’t hesitate to reach out.

We truly value your support and hope to provide you with a better experience next time.

Warm regards,  
[Your Name]  
Customer Support Team",The delivery was disappointing due to numerous delays.,"The most appropriate next action for the business would be to reach out to the customer to acknowledge their complaint and apologize for the delivery delays. Additionally, the business should investigate the cause of the delays and implement measures to improve the delivery process. Offering the customer a small compensation, such as a discount or a free shipping offer on their next order, could also help to rebuild their trust and encourage them to continue doing business with the company."
15/12/2025 02:29 PM,1,very bad product. ,"Dear Customer,

Thank you for taking the time to share your feedback. I'm truly sorry to hear that you had a disappointing experience with our product. Your satisfaction is very important to us, and we want to make things right.

If you could provide more details about the issues you faced, we would appreciate the opportunity to address your concerns and find a suitable solution. Please feel free to reach out to us directly at [customer support contact information].

Thank you for your understanding, and we hope to hear from you soon.

Best regards,  
[Your Name]  
Customer Support Team",The product is of poor quality.,"The most appropriate next action for the business would be to reach out to the customer directly to address their concerns. This could include:

1. **Apologizing** for their experience and thanking them for their feedback.
2. **Requesting more details** about what specifically they found unsatisfactory about the product, which can help the business improve.
3. **Offering a solution**, such as a replacement, refund, or discount on another product to compensate for their dissatisfaction.
4. **Encouraging further communication** to ensure the customer feels valued and heard in the process.

Taking these steps shows the business values customer feedback and is committed to quality and customer satisfaction."
15/12/2025 02:28 PM,3,decent,"Thank you for taking the time to share your feedback. We’re glad to hear that you found your experience decent. However, we always strive to do better, so if there’s anything specific you think we could improve or if you have any suggestions, we would love to hear them. Your insights are invaluable to us!",The review describes the product as acceptable or satisfactory.,"Given the review is simply ""decent,"" it indicates a neutral sentiment. Here are some appropriate next actions for the business:

1. **Follow-Up Communication**: Reach out to the customer with a thank you message for their feedback. Inquire if there's anything specific that could improve their experience, showing that you value their opinion.

2. **Request Detailed Feedback**: Encourage the customer to share more details about their experience. This could be done through a survey or follow-up email asking specific questions about their service or product.

3. **Monitor Trends**: Use this feedback to analyze trends from other customer reviews. If ""decent"" is common, it might indicate there's room for improvement in certain areas.

4. **Enhance Customer Experience**: Evaluate any aspects of the customer experience that could be improved to turn neutral or ""decent"" experiences into excellent ones.

5. **Promote Engagement**: Implement loyalty programs or special promotions to encourage more interactions, hoping to turn neutral opinions into positive ones.

Taking one or a combination of these steps would help the business engage constructively with the feedback."
14/12/2025 10:33 PM,1,worse,"Dear Valued Customer,

Thank you for taking the time to share your feedback with us. We’re truly sorry to hear that your experience didn’t meet your expectations. Your satisfaction is important to us, and we want to understand more about what went wrong.

If you could provide additional details, it would greatly help us address your concerns and improve our services. Please feel free to reach out to us directly at [contact information]. We appreciate your input and hope to have the opportunity to make things right.

Warm regards,  
[Your Name]  
Customer Support Team",The customer had a negative experience and was dissatisfied.,"The most appropriate next action for the business is to reach out to the customer to gather more specific feedback about their experience. A prompt and empathetic response can show the customer that their concerns are valued, and it provides an opportunity to resolve any issues they faced. Additionally, addressing the feedback publicly can demonstrate to other customers that the business is committed to improving its service."
14/12/2025 10:32 PM,5,very nice,"Thank you so much for your kind words! We're thrilled to hear that you had a positive experience. If you have any further feedback or need assistance in the future, please don't hesitate to reach out. Your satisfaction is our top priority!",The customer found the product very nice.,"The most appropriate next action for the business is to respond to the review with a thank you message. Acknowledging positive customer feedback can help build a relationship and encourage further engagement. Additionally, consider encouraging the customer to share their experience with others or to explore more products/services."
